{
  "ss001": {
    "n": 425,
    "mae": 0.05136275442386885,
    "r2": -0.8020163825622848
  },
  "ss002": {
    "n": 273,
    "mae": 0.05982745939742034,
    "r2": -0.3553633694300664
  },
  "ss003": {
    "n": 192,
    "mae": 0.04852596518065032,
    "r2": -0.44753079559874087
  },
  "ss004": {
    "n": 196,
    "mae": 0.05475296045420373,
    "r2": -0.08232889030548396
  },
  "ss005": {
    "n": 34,
    "mae": null,
    "r2": null
  },
  "ss006": {
    "n": 136,
    "mae": 0.0353137330181371,
    "r2": -3.5493608120373885
  },
  "ss007": {
    "n": 84,
    "mae": 0.06799185430942621,
    "r2": -0.34864221131994544
  },
  "ss008": {
    "n": 160,
    "mae": 0.06571462184679114,
    "r2": -0.11384437515172485
  }
}