UPJONG_CD,pred_score,pred_score_norm,UPJONG_NAME
ss007,0.1262160000783971,1.0,자동차
ss003,0.10934614684159943,0.8368255614466278,스포츠/문화/레저
ss002,0.05520718184179144,0.3131639092850773,유통
ss004,0.05499635840500331,0.311124709806047,가정생활/서비스
ss005,0.041295474674356944,0.1786022759085939,교육/학원
ss008,0.03670091605660019,0.1341611943929771,전자상거래
ss006,0.0278306258614684,0.04836290071020006,의료
ss001,0.022830608430306657,0.0,요식/유흥
